<TEST NAME="TEST3" FILE="ClosestPair.java">
<VERSION NUMBER="1" CHECKED="TRUE">
<LOCATION ORIG="16" NEW="16"/>
<LOCATION ORIG="17" NEW="17"/>
<LOCATION ORIG="18" NEW="18"/>
<LOCATION ORIG="19" NEW="19"/>
<LOCATION ORIG="20" NEW="20"/>
<LOCATION ORIG="21" NEW="21"/>
<LOCATION ORIG="22" NEW="22"/>
<LOCATION ORIG="23" NEW="23"/>
<LOCATION ORIG="24" NEW="24"/>
<LOCATION ORIG="25" NEW="25"/>
<LOCATION ORIG="26" NEW="26"/>
<LOCATION ORIG="65" NEW="99"/>
<LOCATION ORIG="82" NEW="-1"/>
<LOCATION ORIG="66" NEW="-1"/>
<LOCATION ORIG="67" NEW="102"/>
<LOCATION ORIG="68" NEW="-1"/>
<LOCATION ORIG="69" NEW="-1"/>
<LOCATION ORIG="70" NEW="112"/>
<LOCATION ORIG="71" NEW="-1"/>
<LOCATION ORIG="72" NEW="114"/>
<LOCATION ORIG="73" NEW="115"/>
<LOCATION ORIG="74" NEW="-1"/>
<LOCATION ORIG="75" NEW="-1"/>
<LOCATION ORIG="76" NEW="121"/>
</VERSION>
<VERSION NUMBER="2" CHECKED="TRUE">
<LOCATION ORIG="298" NEW="308"/>
<LOCATION ORIG="299" NEW="-1"/>
<LOCATION ORIG="300" NEW="309"/>
<LOCATION ORIG="301" NEW="-1"/>
<LOCATION ORIG="302" NEW="310"/>
<LOCATION ORIG="303" NEW="311"/>
<LOCATION ORIG="304" NEW="312"/>
<LOCATION ORIG="305" NEW="313"/>
<LOCATION ORIG="306" NEW="314"/>
<LOCATION ORIG="307" NEW="315"/>
<LOCATION ORIG="308" NEW="316"/>
<LOCATION ORIG="309" NEW="317"/>
<LOCATION ORIG="310" NEW="318"/>
<LOCATION ORIG="311" NEW="319"/>
<LOCATION ORIG="312" NEW="320"/>
<LOCATION ORIG="313" NEW="321"/>
<LOCATION ORIG="314" NEW="322"/>
<LOCATION ORIG="316" NEW="324"/>
<LOCATION ORIG="317" NEW="325"/>
<LOCATION ORIG="318" NEW="326"/>
<LOCATION ORIG="319" NEW="327"/>
<LOCATION ORIG="322" NEW="330"/>
<LOCATION ORIG="324" NEW="332"/>
<LOCATION ORIG="326" NEW="334"/>
</VERSION>
</TEST>