<TEST NAME="TEST1" FILE="new_Calculator.java">
<VERSION NUMBER="1" CHECKED="TRUE">
<LOCATION ORIG="15" NEW="15"/>
<LOCATION ORIG="16" NEW="16"/>
<LOCATION ORIG="17" NEW="17"/>
<LOCATION ORIG="18" NEW="18"/>
<LOCATION ORIG="19" NEW="19"/>
<LOCATION ORIG="20" NEW="20"/>
<LOCATION ORIG="21" NEW="21"/>
<LOCATION ORIG="22" NEW="22"/>
<LOCATION ORIG="23" NEW="23"/>
<LOCATION ORIG="24" NEW="24"/>
<LOCATION ORIG="25" NEW="25"/>
<LOCATION ORIG="26" NEW="26"/>
<LOCATION ORIG="27" NEW="27"/>
<LOCATION ORIG="28" NEW="28"/>
<LOCATION ORIG="29" NEW="29"/>
<LOCATION ORIG="30" NEW="30"/>
</VERSION>

<VERSION NUMBER="2" CHECKED="TRUE">
<LOCATION ORIG="69" NEW="87"/>
<LOCATION ORIG="70" NEW="-1"/>
<LOCATION ORIG="71" NEW="89"/>
<LOCATION ORIG="72" NEW="90"/>
<LOCATION ORIG="73" NEW="-1"/>
<LOCATION ORIG="74" NEW="92"/>
<LOCATION ORIG="75" NEW="93"/>
<LOCATION ORIG="76" NEW="-1"/>
<LOCATION ORIG="78" NEW="96"/>
<LOCATION ORIG="79" NEW="-1"/>
<LOCATION ORIG="80" NEW="-1"/>
<LOCATION ORIG="81" NEW="99"/>
<LOCATION ORIG="82" NEW="-1"/>
<LOCATION ORIG="83" NEW="-1"/>
<LOCATION ORIG="84" NEW="102"/>
<LOCATION ORIG="85" NEW="-1"/>
<LOCATION ORIG="86" NEW="-1"/>
<LOCATION ORIG="87" NEW="112"/>
<LOCATION ORIG="88" NEW="-1"/>
<LOCATION ORIG="89" NEW="114"/>
<LOCATION ORIG="90" NEW="115"/>
<LOCATION ORIG="91" NEW="-1"/>
<LOCATION ORIG="92" NEW="-1"/>
<LOCATION ORIG="93" NEW="121"/>
</VERSION>
</TEST>
